{"cameraMode":{"drawMode":0,"name":"Shaded","section":"Shading Mode"},"sceneLighting":true,"audioPlay":false,"sceneViewState":{"m_AlwaysRefresh":false,"showFog":true,"showSkybox":true,"showFlares":true,"showImageEffects":true,"showParticleSystems":true,"showVisualEffectGraphs":true,"m_FxEnabled":true},"in2DMode":false,"pivot":{"x":-3.4848074913024904,"y":0.021941140294075013,"z":-0.15781457722187043},"rotation":{"x":0.4215531647205353,"y":0.003418985288590193,"z":-0.0003233422467019409,"w":0.907172441482544},"size":0.09189257025718689,"orthographic":true}