{"cameraMode":{"drawMode":0,"name":"Shaded","section":"Shading Mode"},"sceneLighting":false,"audioPlay":false,"sceneViewState":{"m_AlwaysRefresh":false,"showFog":true,"showSkybox":false,"showFlares":true,"showImageEffects":true,"showParticleSystems":true,"showVisualEffectGraphs":true,"m_FxEnabled":true},"in2DMode":false,"pivot":{"x":-0.0035901926457881929,"y":0.03389589488506317,"z":-0.18876397609710694},"rotation":{"x":0.46206796169281008,"y":0.008732127025723458,"z":-0.004656244069337845,"w":0.8869017958641052},"size":4.644738674163818,"orthographic":true}